Task Description,Baseline Performance,Desired Solution,Rationale
"This log documents our attempt to create additional test cases aimed at stress-testing our code (src/miner/mod.rs) for correctness as part of this assignment specifications. The intended inference was for GPT to design and implement test cases that can be compiled, useful, and applicable for this assignment.",https://chatgpt.com/share/67205699-6a48-800f-9d1c-da7b62494e3f,"Link: https://docs.google.com/document/d/1TSSJ-ikscy10whnYqxXuw54o5TQEfNDzqMaBdQBriuc/edit?usp=sharing

Text: This solution generalizes to both incorrect inferences made by ChatGPT.

Incorrect Code Generation:

In this code segment, there were compilation errors because the transactions function encountered issues either due to a missing implementation in the Block struct.

	// Results in a compiling error breaking the program

#[test]
#[timeout(60000)]
fn handle_empty_blocks() {
    let (mut miner_ctx, miner_handle, finished_block_chan) = super::test_new();
    miner_ctx.start();
    miner_handle.start(0);

    let block = finished_block_chan.recv().unwrap();
    assert!(block.transactions().is_empty(), ""The block should be empty if no transactions are mined"");
}

// Not necessary to create a new struct in our code segment

impl Block {
pub fn transactions(&self) -> &Vec<Transaction> {
&self.transactions
}
}

Corrected Code:

In the corrected code, we switched the assertion condition from checking if the block's transactions were empty to verifying that the block's hash meets the difficulty requirement. This fixes the compiling issues and removes the unnecessary implementation of the Block struct.

	// Has the correct assert line, compiles properly, and does not create redundant and 
	// unnecessary code

#[test]
#[timeout(60000)]
fn handle_empty_blocks() {
    let (mut miner_ctx, miner_handle, finished_block_chan) = super::test_new();
    miner_ctx.start();
    miner_handle.start(0);

    let block = finished_block_chan.recv().unwrap();
    assert!(block.hash() <= block.header.difficulty, ""The block hash should meet the difficulty requirement if no transactions are mined"");
}
","While creating this data, we emphasized the importance of testing to ensure our code's correctness on this assignment. To achieve this, we prompted GPT with a test case provided to us in our assignment along with our correct code. This approach led GPT to generate a new method for the Block struct that was not originally included. This inference resulted in compiling issues and the nonsensical creation of more struct fields that are unnecessary to the code's functionality and testing. Thus, we argue that our data is valuable for improving AI performance in testing. While code generation is powerful and fast for prompts, ensuring correctness in compiling and nonredundant code in generative AI should also be prioritized to enhance overall performance."
"This log documents our attempt to build upon the code in src/network/worker.rs by addressing issues related to functionality, logic, and compilation. Our approach involved evaluating and comparing ChatGPT's output with the incorrect implementation to refine the overall solution.",https://chatgpt.com/share/672155a6-63e4-800d-bfa3-57823bd45412,"Link: https://docs.google.com/document/d/1Mb6ZfQ2nTXw0ZSwYYyFOmnYoGFourKtypMDuF-q2rx0/edit?usp=sharing

Text:
This solution corrects ChatGPT src/network/worker.rs’ functionality, logic, and compiling issues.

Incorrect Code Generation:

In the incorrect code, the implementation takes a simpler approach to managing blocks and orphans, with basic checks for block validity, insertion, and broadcasting new block hashes. This approach lacks proper validation, resulting in logical errors. Additionally, GPT's produced code segment does not compile correctly.

fn worker_loop(&self) {
    loop {
        let result = smol::block_on(self.msg_chan.recv());
        if let Err(e) = result {
            error!(""network worker terminated {}"", e);
            break;
        }
        let msg = result.unwrap();
        let (msg, mut peer) = msg;
        let msg: Message = bincode::deserialize(&msg).unwrap();
        match msg {
            Message::Ping(nonce) => {
                debug!(""Ping: {}"", nonce);
                peer.write(Message::Pong(nonce.to_string()));
            }
            Message::Pong(nonce) => {
                debug!(""Pong: {}"", nonce);
            }
            Message::NewBlockHashes(hashes) => {
                let blockchain = self.blockchain.lock().unwrap();
                let missing_hashes: Vec<H256> = hashes.into_iter()
                    .filter(|h| !blockchain.contains_block(h))
                    .collect();
                drop(blockchain);
                if !missing_hashes.is_empty() {
                    peer.write(Message::GetBlocks(missing_hashes));
                }
            }
            Message::GetBlocks(hashes) => {
                let blockchain = self.blockchain.lock().unwrap();
                let blocks: Vec<Block> = hashes.into_iter()
                    .filter_map(|h| blockchain.get_block(&h).cloned())
                    .collect();
                drop(blockchain);
                if !blocks.is_empty() {
                    peer.write(Message::Blocks(blocks));
                }
            }
            Message::Blocks(blocks) => {
                let mut blockchain = self.blockchain.lock().unwrap();
                let mut new_hashes = Vec::new();
                for block in blocks {
                    if self.validate_block(&block, &blockchain) {
                        if blockchain.insert(&block) {
                            debug!(""Inserted block: {:?}"", block.hash());
                            new_hashes.push(block.hash());
                            self.process_orphans(&mut blockchain, &block); // Process orphans
                        }
                    } else {
                        debug!(""Orphan block: {:?}"", block.hash());
                        self.orphan_buffer.lock().unwrap().insert(block.hash(), block.clone());
                        peer.write(Message::GetBlocks(vec![block.header.parent]));
                    }
                }
                drop(blockchain);
                if !new_hashes.is_empty() {
                    // Broadcast NewBlockHashes after inserting new blocks
                    self.server.broadcast(Message::NewBlockHashes(new_hashes));
                }
            }
            _ => unimplemented!(),
        }
    }
}

Correct Code:

The corrected code takes additional steps to verify each block's difficulty against the current blockchain tip, which prevents blocks with insufficient difficulty from being added. Functionally, this code includes logic to add a block to the orphan buffer if a parent is missing, allowing the block to wait until the parent node arrives.

        fn worker_loop(&self) {
        loop {
            let result = smol::block_on(self.msg_chan.recv());
            if let Err(e) = result {
                error!(""network worker terminated {}"", e);
                break;
            }
            let msg = result.unwrap();
            let (msg, mut peer) = msg;
            let msg: Message = bincode::deserialize(&msg).unwrap();
            match msg {
                Message::Ping(nonce) => {
                    debug!(""Ping: {}"", nonce);
                    peer.write(Message::Pong(nonce.to_string()));
                }
                Message::Pong(nonce) => {
                    debug!(""Pong: {}"", nonce);
                }
                Message::NewBlockHashes(hashes) => {
                    let blockchain = self.blockchain.lock().unwrap();
                    let missing_hashes: Vec<H256> = hashes.into_iter()
                        .filter(|h| !blockchain.contains_block(h))
                        .collect();
                    drop(blockchain);
                    if !missing_hashes.is_empty() {
                        peer.write(Message::GetBlocks(missing_hashes));
                    }
                }
                Message::GetBlocks(hashes) => {
                    let blockchain = self.blockchain.lock().unwrap();
                    let blocks: Vec<Block> = hashes.into_iter()
                        .filter_map(|h| blockchain.get_block(&h).cloned())
                        .collect();
                    drop(blockchain);
                    if !blocks.is_empty() {
                        peer.write(Message::Blocks(blocks));
                    }
                }
                Message::Blocks(blocks) => {
                    let mut blockchain = self.blockchain.lock().unwrap();
                    let mut orphan_buffer = self.orphan_buffer.lock().unwrap();
                    let mut parents_missing: Vec<H256> = vec![];
                    let mut new_hashes: Vec<H256> = vec![];
                    let difficulty = blockchain.get_block(&blockchain.tip()).unwrap().get_difficulty();
                    for block in blocks {
                        // difficulty check
                        let block_hash = block.hash();
                        if block_hash > difficulty {
                            continue;
                        }
                        // parent check
                        let parent_hash = block.get_parent();
                        if blockchain.contains_block(&parent_hash) {
                            // block check
                            if block.get_difficulty() == difficulty {
                                // blockchain update
                                if !blockchain.contains_block(&block_hash){
                                    blockchain.insert(&block);
                                    new_hashes.push(block_hash);
                                }
                            }
                        } else { // we have an orphan
                            parents_missing.push(parent_hash);
                            // build orphan buffer
                            let mut children: Vec<Block> = vec![];
                            if orphan_buffer.contains_key(&parent_hash) {
                                children = orphan_buffer[&parent_hash].clone();
                            }
                            children.push(block);
                            orphan_buffer.insert(parent_hash, children);
                        }
                    }
                    if !parents_missing.is_empty(){
                        peer.write(Message::GetBlocks(parents_missing));
                    }
                    // orphan buffer update
                    let mut left: Vec<H256> = vec![];
                    left = new_hashes.clone();
                    while !left.is_empty(){
                        let mut temp : Vec<H256> = vec![];
                        for block_hash in left{
                            if orphan_buffer.contains_key(&block_hash){
                                let children = &orphan_buffer[&block_hash];
                                for c in children {
                                    if c.get_difficulty() == difficulty{
                                        // update blockchain
                                        blockchain.insert(&c.clone());
                                        temp.push(c.hash());
                                        new_hashes.push(c.hash());
                                    }
                                }
                        }
                        orphan_buffer.remove(&block_hash);
                    }
                    left = temp;
                    }
                    if !new_hashes.is_empty() {
                        self.server.broadcast(Message::NewBlockHashes(new_hashes));
                    }
                }
                _ => unimplemented!(),
            }
        }
    }
","We created this dataset to evaluate GPT's ability to debug and correct code based on hints and our incorrect code segment. By prompting it with our coding errors and subtle hints, we wanted to observe how effectively GPT would interpret the issues, diagnose the code, and offer appropriate fixes. This process allows us to assess whether or not GPT can accurately respond to code issues and provide accurate contextual arguments. GPT's inference resulted in compiling issues and incorrect logic within the code. We argue that our data is valuable for improving AI performance in code generation, as it highlights the need to take consideration in the individual’s code and hints."
"This log attempts to test GPT's ability to carefully create tests that checks for the validity of our program in A5 on src/network/worker.rs. We approached this by including the baseline prompt and asking GPT to craft tests according to the code that we have so far. There is an extra test with an orphan buffer that isn't part of A5, but interesting to see.",https://chatgpt.com/share/67216aae-7c70-800d-9b00-617fe89db1a2,"Link: https://docs.google.com/document/d/16bK3hWx25zbSygq1ntphRdSI2yYrU-1LlWAXkpYjEno/edit?usp=sharing

Text:
Tests we wrote to stress-test the assignment, these are the correct tests and run on our implementation:

Handle_multiple_blocks: we wanted to test if the worker implementation is able to correctly process multiple blocks and broadcast them on the network properly. We essentially generated a test worker and a server with two random blocks, with one being the child of the other. We sent the Blocks message with both blocks and checked if the NewBlocksHash was the message that was received as the reply.

Handle_fork_blocks: we wanted to test if the worker implementation is able to correctly process the forked blocks and broadcast the blocks on the network properly. Similar process to the last tests, except the blocks were both forked from the genesis block and we checked if the sent Blocks message with both forked blocks had a reply as NewBlocksHash on the server receiver.  
   #[test]
   #[timeout(60000)]
   fn handle_multiple_blocks() {
       let (test_msg_sender, server_receiver, v) = generate_test_worker_and_start();
       let random_block1 = generate_random_block(v.last().unwrap());
       let random_block2 = generate_random_block(&random_block1.hash());
       let mut _peer_receiver = test_msg_sender.send(Message::Blocks(vec![random_block1.clone(), random_block2.clone()]));
       let reply = server_receiver.recv().unwrap();
       if let Message::NewBlockHashes(v) = reply {
           assert_eq!(v, vec![random_block1.hash(), random_block2.hash()]);
       } else {
           panic!();
       }
   }


   #[test]
   #[timeout(60000)]
   fn handle_fork_blocks() {
       let (test_msg_sender, server_receiver, v) = generate_test_worker_and_start();
       let random_block1 = generate_random_block(v.last().unwrap());
       let random_block2 = generate_random_block(v.last().unwrap()); // Fork from genesis
       let mut _peer_receiver = test_msg_sender.send(Message::Blocks(vec![random_block1.clone(), random_block2.clone()]));
       let reply = server_receiver.recv().unwrap();
       if let Message::NewBlockHashes(v) = reply {
           assert_eq!(v, vec![random_block1.hash(), random_block2.hash()]);
       } else {
           panic!();
       }
   }

GPT Generated tests: 
Both do not compile or run and need work in order to get it to work. Also the tests from earlier, such as reply_get_blocks and reply_new_block_hashes takes care of this testing as well. These are not correct and need changes from above to be able to compile and run.
   #[test]
   fn test_get_blocks() {
       let (test_msg_sender, _server_receiver, v) = generate_test_worker_and_start();
       let existing_block_hash = v[0];  // Assume genesis block or other known block
       let mut peer_receiver = test_msg_sender.send(Message::GetBlocks(vec![existing_block_hash]));


       let reply = peer_receiver.recv();
       match reply {
           Message::Blocks(blocks) => {
               assert_eq!(blocks.len(), 1);
               assert_eq!(blocks[0].hash(), existing_block_hash);
           }
           _ => panic!(""Expected Blocks message""),
       }
   }
   #[test]
   fn test_blocks() {
       let (test_msg_sender, server_receiver, v) = generate_test_worker_and_start();
       let new_block = generate_random_block(&v[0]);
      
       let _peer_receiver = test_msg_sender.send(Message::Blocks(vec![new_block.clone()]));
       let reply = server_receiver.recv().unwrap();
      
       match reply {
           Message::NewBlockHashes(hashes) => {
               assert_eq!(hashes, vec![new_block.hash()]);
           }
           _ => panic!(""Expected NewBlockHashes message""),
       }
   }
   #[test]
   fn test_orphan_block_handling() {
       let (test_msg_sender, _server_receiver, _v) = generate_test_worker_and_start();
       let orphan_block = generate_random_block(&);  // Parent hash is random, not in blockchain
      
       let mut peer_receiver = test_msg_sender.send(Message::Blocks(vec![orphan_block.clone()]));
       let reply = peer_receiver.recv();
      
       if let Message::GetBlocks(hashes) = reply {
           assert_eq!(hashes, vec![orphan_block.get_parent()]);
       } else {
           panic!(""Expected GetBlocks message for missing parent"");
       }
   }
","We created this test to evaluate how well GPT does in terms of testing the code and the blockchain that it builds. There are autograder tests that are provided by the course materials., but it would be helpful to see if implementation is correct without just relying on the autograder tests. This allows us to determine whether or not GPT is able to provide working tests on this section and if these tests are valid or not. It seems that GPT hallucinates access to some crates/methods that it doesn't have access to or doesn't exist within the scope of the code/file. It typically forgets these imports and expects the user to resolve them. This occurred for all the tests that it generated. We believe this is valuable to improving AI performance and assistance in this course because this seems to be a weak area of GPT in terms of being able to write correct tests outside of the provided autograder. This data entry could be used to train the model until it's able to provide correct tests upon prompting."
"This log aims to test GPT’s ability to carefully and accurately write the code needed to fulfill the given tasks based on the steps and boilerplate code for A4. We were interested in how effective GPT is in being able to handle the provided prompt, code, and outlined steps when completing the assignment.",https://chatgpt.com/share/672152b7-5a9c-800d-9e25-f909247ec2ba ,"Link: https://docs.google.com/document/d/1DKUEsLb5sKL_3tH-FrfE8o7atPE9OvI6WAyI0fPdeqg/edit?usp=sharing

Text: 
 This solution corrects GPT’s logic, syntax, and compiling issues for src/miner/mod.rs.
In the incorrect code solution, it tries to simplify a few implementations by attempting to call methods that ended up being outside of the file scope or a type that has not been imported yet. To resolve this, we need to replace the out-of-scope calls with correctly scoped methods. Specifically, necessary types were properly referenced to be within scope and calling the necessary methods while properly importing the necessary modules like `std::time`.
 
Incorrect Code Generation: 
fn worker_loop(&self) {
    loop {
        let block = self.finished_block_chan.recv().expect(""Receive finished block error"");
        let mut blockchain = self.blockchain.lock().unwrap();
        blockchain.insert(block);  // Insert block into the blockchain
    }
}

fn miner_loop(&mut self) {
    loop {
        match self.operating_state {
            OperatingState::Paused => {
                // Handle paused state
            },
            OperatingState::ShutDown => {
                return;
            },
            OperatingState::Run(_) => {
                // Main mining process
                let mut nonce = 0;  // Or start with a random number if desired

                loop {
                    // Gather header fields
                    let blockchain = self.blockchain.lock().unwrap();
                    let parent = blockchain.tip();  // Fetch parent block
                    let timestamp = SystemTime::now()
                        .duration_since(SystemTime::UNIX_EPOCH)
                        .expect(""Time went backwards"")
                        .as_millis();

                    let difficulty = parent.difficulty;  // Get difficulty from parent block
                    let merkle_root = Vec::new();  // Placeholder for Merkle root

                    // Build block and hash it
                    let block = Block::new(parent.hash(), timestamp, difficulty, merkle_root, nonce);

                    if block.hash() <= difficulty {
                        self.finished_block_chan.send(block).expect(""Send finished block error"");
                        break;  // Exit after finding a valid block
                    }

                    nonce += 1;  // Increment nonce for the next iteration
                    }
                }
            }
        }
    }
}


Correct Code Generation:
    fn miner_loop(&mut self) {
        // Initialize parent with the hash of the latest block in the blockchain
        let mut parent = {
            let blockchain = self.blockchain.lock().unwrap();
            blockchain.tip()
        };

        // main mining loop
        loop {
            // check and react to control signals
            match self.operating_state {
                OperatingState::Paused => {
                    let signal = self.control_chan.recv().unwrap();
                    match signal {
                        ControlSignal::Exit => {
                            info!(""Miner shutting down"");
                            self.operating_state = OperatingState::ShutDown;
                        }
                        ControlSignal::Start(i) => {
                            info!(""Miner starting in continuous mode with lambda {}"", i);
                            self.operating_state = OperatingState::Run(i);
                        }
                        ControlSignal::Update => {
                            // in paused state, don't need to update
                        }
                    };
                    continue;
                }
                OperatingState::ShutDown => {
                    return;
                }
                _ => match self.control_chan.try_recv() {
                    Ok(signal) => {
                        match signal {
                            ControlSignal::Exit => {
                                info!(""Miner shutting down"");
                                self.operating_state = OperatingState::ShutDown;
                            }
                            ControlSignal::Start(i) => {
                                info!(""Miner starting in continuous mode with lambda {}"", i);
                                self.operating_state = OperatingState::Run(i);
                            }
                            ControlSignal::Update => {
                                unimplemented!()
                            }
                        };
                    }
                    Err(TryRecvError::Empty) => {}
                    Err(TryRecvError::Disconnected) => panic!(""Miner control channel detached""),
                },
            }
            if let OperatingState::ShutDown = self.operating_state {
                return;
            }

            // TODO for student: actual mining, create a block
            // TODO for student: if block mining finished, you can have something like: self.finished_block_chan.send(block.clone()).expect(""Send finished block error"");
            let block = generate_random_block(&parent);
            if block.hash() <= block.header.difficulty {
                self.finished_block_chan.send(block.clone()).expect(""Send finished block error"");
                parent = block.hash();
            }

            if let OperatingState::Run(i) = self.operating_state {
                if i != 0 {
                    let interval = time::Duration::from_micros(i as u64);
                    thread::sleep(interval);
                }
            }
        }
    }
}
","We formulated this test to better understand and analyze how effective and accurate GPT’s performance is when it comes to writing the correct code for A4 when just given the baseline prompt, task description and boilerplate code. In determining the best prompts for testing GPT output, we thought it would be potentially beneficial to examine the effects and accuracy of GPT’s output code based on the boilerplate code as the primary guide. Despite providing all of the information to GPT that is available, it seems that GPT is still fairly inaccurate as it outputs improper calls to crates/methods that it doesn't have access to or doesn't exist within the scope of the file. Thus, we believe this created data is important to improving AI assistance and performance on these tasks as they can more effectively guide students to the correct answer with the accurate explanation for the code written. It would be disadvantageous to students when GPT outputs inaccurate reasonings and code without any way of checking its accuracy without the autograder."
"This log aims to test GPT’s ability to carefully and accurately write the code needed to fulfill the given tasks based on the steps and boilerplate code for A5. Through the given code, prompt, and outlined steps, we were curious to see how well GPT can handle the various input given and piece together the needed rust code to complete the tasks.",https://chatgpt.com/share/67217ab1-7744-800d-bf0f-cdc3bce3bf3f ,"Link: https://docs.google.com/document/d/1ycCJpGkc4lMJFUPtHXBtBmSWt9eCxVd1GwNCTIfnuHs/edit?usp=sharing

Text:
This solution corrects GPT’s logic, syntax, and compiling issues for src/network/worker.rs. In the incorrect code solution, it tries to simplify a few implementations by attempting to call methods that ended up being outside of scope. To resolve this, we lock the blockchain and orphan buffer and use methods that are defined within struct ‘Blockchain’ along with refactoring/modularizing the code to make the code more readable. 

Incorrect Code Generation:
   fn worker_loop(&self) {
    loop {
        let result = smol::block_on(self.msg_chan.recv());
        if let Err(e) = result {
            error!(""network worker terminated {}"", e);
            break;
        }
        let (msg, mut peer) = result.unwrap();
        let msg: Message = bincode::deserialize(&msg).unwrap();
        match msg {
            Message::NewBlockHashes(hashes) => {
                let mut missing_hashes = vec![];
                {
                    let blockchain = self.blockchain.lock().unwrap();
                    for hash in hashes {
                        if !blockchain.contains(&hash) {
                            missing_hashes.push(hash);
                        }
                    }
                }
                if !missing_hashes.is_empty() {
                    peer.write(Message::GetBlocks(missing_hashes));
                }
            }
            Message::GetBlocks(hashes) => {
                let mut blocks = vec![];
                {
                    let blockchain = self.blockchain.lock().unwrap();
                    for hash in hashes {
                        if let Some(block) = blockchain.get_block(&hash) {
                            blocks.push(block.clone());
                        }
                    }
                }
                if !blocks.is_empty() {
                    peer.write(Message::Blocks(blocks));
                }
            }
            Message::Blocks(blocks) => {
                let mut new_hashes = vec![];
                {
                    let mut blockchain = self.blockchain.lock().unwrap();
                    for block in blocks {
                        if blockchain.insert_block(block.clone()) {
                            new_hashes.push(block.hash());
                        }
                    }
                }
                if !new_hashes.is_empty() {
                    self.server.broadcast(Message::NewBlockHashes(new_hashes));
                    }
                }
                _ => unimplemented!(),
            }
        }
    }
}

fn generate_test_worker_and_start() -> (TestMsgSender, ServerTestReceiver, Vec<H256>) {
    let (server, server_receiver) = ServerHandle::new_for_test();
    let (test_msg_sender, msg_chan) = TestMsgSender::new();

    let blockchain = Arc::new(Mutex::new(Blockchain::new())); // Initialize blockchain
    let worker = Worker::new(1, msg_chan, &server, blockchain.clone());
    worker.start();

    let longest_chain = blockchain.lock().unwrap().longest_chain();
    (test_msg_sender, server_receiver, longest_chain)
}



Correct Code Generation:
    // main loop for each worker thread
    fn worker_loop(&self) {
        loop {
            match smol::block_on(self.msg_chan.recv()) {
                Ok((msg, mut peer)) => {
                    let msg: Message = bincode::deserialize(&msg).unwrap();
                    self.handle_message(msg, &mut peer);
                }
                Err(e) => {
                    error!(""network worker terminated {}"", e);
                    break;
                }
            }
        }
    }

    // handle incoming messages
    fn handle_message(&self, msg: Message, peer: &mut peer::Handle) {
        match msg {
            Message::Ping(nonce) => {
                debug!(""Ping: {}"", nonce);
                peer.write(Message::Pong(nonce.to_string()));
            }
            Message::Pong(nonce) => {
                debug!(""Pong: {}"", nonce);
            }
            Message::NewBlockHashes(hashes) => {
                self.handle_new_block_hashes(hashes, peer);
            }
            Message::GetBlocks(hashes) => {
                self.handle_get_blocks(hashes, peer);
            }
            Message::Blocks(blocks) => {
                self.handle_blocks(blocks, peer);
            }
            _ => unimplemented!(),
        }
    }

    fn handle_new_block_hashes(&self, hashes: Vec<H256>, peer: &mut peer::Handle) {
        // Lock the blockchain for reading
        let blockchain = self.blockchain.lock().unwrap();
        
        // Filter out the hashes that are not present in the blockchain
        let missing_hashes: Vec<H256> = hashes.into_iter()
            .filter(|h| !blockchain.contains_block(h))
            .collect();
        
        // Release the lock on the blockchain
        drop(blockchain);
        
        // If there are any missing hashes, request the blocks from the peer
        if !missing_hashes.is_empty() {
            peer.write(Message::GetBlocks(missing_hashes));
        }
    }

    fn handle_get_blocks(&self, hashes: Vec<H256>, peer: &mut peer::Handle) {
        // lock the blockchain for reading
        let blockchain = self.blockchain.lock().unwrap();
        
        // collect the blocks corresponding to the requested hashes
        let blocks: Vec<Block> = hashes.into_iter()
            .filter_map(|h| blockchain.get_block(&h).cloned())
            .collect();
        
        // release the lock on the blockchain
        drop(blockchain);
        
        // send them to the peer if any blocks
        if !blocks.is_empty() {
            peer.write(Message::Blocks(blocks));
        }
    }

    fn handle_blocks(&self, blocks: Vec<Block>, peer: &mut peer::Handle) {
        // lock the blockchain and orphan buffer for writing
        let mut blockchain = self.blockchain.lock().unwrap();
        let mut orphan_buffer = self.orphan_buffer.lock().unwrap();
        
        let mut parents_missing: Vec<H256> = vec![];
        let mut new_hashes: Vec<H256> = vec![];
        let difficulty = blockchain.get_block(&blockchain.tip()).unwrap().get_difficulty();

        for block in blocks {
            let block_hash = block.hash();
            if block_hash > difficulty {
                continue;
            }

            let parent_hash = block.get_parent();
            if blockchain.contains_block(&parent_hash) {
                if block.get_difficulty() == difficulty && !blockchain.contains_block(&block_hash) {
                    blockchain.insert(&block);
                    new_hashes.push(block_hash);
                }
            } else {
                parents_missing.push(parent_hash);
                orphan_buffer.entry(parent_hash).or_insert_with(Vec::new).push(block);
            }
        }

        if !parents_missing.is_empty() {
            peer.write(Message::GetBlocks(parents_missing));
        }

        self.update_orphan_buffer(&mut blockchain, &mut orphan_buffer, &mut new_hashes);

        if !new_hashes.is_empty() {
            self.server.broadcast(Message::NewBlockHashes(new_hashes));
        }
    }

    // update the orphan buffer with new blocks
    fn update_orphan_buffer(
        &self,
        blockchain: &mut Blockchain,
        orphan_buffer: &mut HashMap<H256, Vec<Block>>,
        new_hashes: &mut Vec<H256>,
    ) {
        let mut left = new_hashes.clone();
        while !left.is_empty() {
            let mut temp: Vec<H256> = vec![];
            for block_hash in left {
                if let Some(children) = orphan_buffer.remove(&block_hash) {
                    for child in children {
                        if child.get_difficulty() == blockchain.get_block(&blockchain.tip()).unwrap().get_difficulty() {
                            blockchain.insert(&child);
                            temp.push(child.hash());
                            new_hashes.push(child.hash());
                        }
                    }
                }
            }
            left = temp;
        }
    }
}


#[cfg(any(test, test_utilities))]
fn generate_test_worker_and_start() -> (TestMsgSender, ServerTestReceiver, Vec<H256>) {
    let (server, server_receiver) = ServerHandle::new_for_test();
    let (test_msg_sender, msg_chan) = TestMsgSender::new();
    let blockchain = Arc::new(Mutex::new(Blockchain::new()));
    let orphan_buffer: Arc<Mutex<HashMap<H256, Vec<Block>>>> = Arc::new(Mutex::new(HashMap::new()));
    let worker = Worker::new(1, msg_chan, &server, &blockchain, &orphan_buffer);
    worker.start();
    let genesis_hash = blockchain.lock().unwrap().tip();
    (test_msg_sender, server_receiver, vec![genesis_hash])
}
","We formulated this test to better understand the effectiveness and accuracy of GPT’s performance when it comes to writing correct code for A5 when simply given the baseline prompt, task description and boilerplate code. Specifically, we thought it would be potentially beneficial to examine the efficacy of GPT’s output code when only using the boilerplate code as a starter guide. Despite providing all available information to GPT, it is still fairly inaccurate as it still writes methods that don’t exist within the file’s scope. Thus, we believe this data is important to improving AI assistance and performance on these tasks as they can better guide students to the correct answer with the accurate explanation for the code written. Without improvement to this area of AI performance/assistance, this would likely be disadvantageous to students as GPT is more likely to output incorrect reasonings and method calls without any way of checking its accuracy until using the autograder."
"This log documents our attempt to fix our code from src/miner/mod.rs, with inserted bugs. The intended inference was for the GPT to fix all bugs, as stated in our prompting. ",https://chatgpt.com/share/6721b4ba-8030-800f-98fd-8100827767b8,"Link: https://docs.google.com/document/d/1n4UKGo3eBEfkGsr_7EkuTVFfbA1gGn9XixyeOPwRe9E/edit?usp=sharing

Text:
This solution fixes one bug, but fails to capture the other bug in another function. The chat log entails the steps we took to fix the other bug with additional prompting.

The first bug we introduced was in miner_loop, where we removed the logic for instantiating the parent. The second bug we introduced involved removing some of the struct fields within context when creating a new blockchain.

Both of these bugs independently cause the code to break at some point when run.

Correct GPT Code:
fn miner_loop(&mut self) {
    // Initialize parent with the hash of the latest block in the blockchain
    let mut parent = {
        let blockchain = self.blockchain.lock().unwrap();
        blockchain.tip().clone() // Clone to avoid lifetime issues
    };

    // Main mining loop
    loop {
        // Check and react to control signals
        match self.operating_state {
            OperatingState::Paused => {
                // Wait for a control signal to change the state
                if let Ok(signal) = self.control_chan.recv() {
                    match signal {
                        ControlSignal::Exit => {
                            info!(""Miner shutting down"");
                            self.operating_state = OperatingState::ShutDown;
                        }
                        ControlSignal::Start(i) => {
                            info!(""Miner starting in continuous mode with lambda {}"", i);
                            self.operating_state = OperatingState::Run(i);
                        }
                        ControlSignal::Update => {
                            // No update action needed in Paused state
                        }
                    }
                }
                continue;
            }
            OperatingState::ShutDown => return, // Exit the loop and end thread
            _ => {
                // Handle control signals while running, such as Update or Exit
                match self.control_chan.try_recv() {
                    Ok(signal) => match signal {
                        ControlSignal::Exit => {
                            info!(""Miner shutting down"");
                            self.operating_state = OperatingState::ShutDown;
                        }
                        ControlSignal::Start(i) => {
                            info!(""Miner resuming with lambda {}"", i);
                            self.operating_state = OperatingState::Run(i);
                        }
                        ControlSignal::Update => {
                            // Refresh parent block when blockchain updates
                            parent = {
                                let blockchain = self.blockchain.lock().unwrap();
                                blockchain.tip().clone()
                            };
                        }
                    },
                    Err(TryRecvError::Empty) => {} // No signal, continue mining
                    Err(TryRecvError::Disconnected) => panic!(""Miner control channel detached""),
                }
            }
        }

        if let OperatingState::ShutDown = self.operating_state {
            return; // End mining if shutdown is triggered
        }

        // TODO: Implement actual mining logic here if required by assignment
        let block = generate_random_block(&parent);

        // Send the finished block to the channel if generation was successful
        if let Err(e) = self.finished_block_chan.send(block.clone()) {
            eprintln!(""Failed to send finished block: {:?}"", e);
            break;
        }

        // Pause between block generation attempts, as specified by lambda (interval)
        if let OperatingState::Run(i) = self.operating_state {
            if i != 0 {
                let interval = time::Duration::from_micros(i);
                thread::sleep(interval);
            }
        }
    }
}

Extra Prompting for Second Bug (INCORRECT) :
pub fn new(blockchain: Arc<Mutex<Blockchain>>) -> (Context, Handle, Receiver<Block>) {
    // Create unbounded channels for control signals and finished blocks
    let (signal_chan_sender, signal_chan_receiver) = unbounded();
    let (finished_block_sender, finished_block_receiver) = unbounded();

    // Initialize the miner's context
    let ctx = Context {
        control_chan: signal_chan_receiver,
        operating_state: OperatingState::Paused,
        finished_block_chan: finished_block_sender, // Add finished block sender
        blockchain, // Add blockchain reference
    };

    // Create a handle for sending control signals to the miner thread
    let handle = Handle {
        control_chan: signal_chan_sender,
    };

    // Return the context, handle, and receiver for finished blocks
    (ctx, handle, finished_block_receiver)
}

Extra Prompting to fix Second Bug (CORRECT SOLUTION):

pub fn new(blockchain: Arc<Mutex<Blockchain>>) -> (Context, Handle, Receiver<Block>) {
    // Create unbounded channels for control signals and finished blocks
    let (signal_chan_sender, signal_chan_receiver) = unbounded();
    let (finished_block_sender, finished_block_receiver) = unbounded();

    // Initialize the miner's context
    let ctx = Context {
        control_chan: signal_chan_receiver,
        operating_state: OperatingState::Paused,
        finished_block_chan: finished_block_sender, // Add finished block sender
        blockchain: Arc::clone(&blockchain), // Use Arc::clone for the correct type
    };

    // Create a handle for sending control signals to the miner thread
    let handle = Handle {
        control_chan: signal_chan_sender,
    };

    // Return the context, handle, and receiver for finished blocks
    (ctx, handle, finished_block_receiver)
}
","While creating this dataset entry, we emphasized fixing bugs to ensure our code's correctness throughout the codebase. To achieve this, we prompted GPT with an incorrect version of src/miner/mod.rs. This approach led GPT to generate a correct solution to one of the bugs but failed to capture the second bug. We argue that our data is valuable for improving coverage or context windows in GPT."
"This log aims to test GPT's ability to resolve bugs within the codebase for src/network/worker.rs.  We approached this again with the baseline prompt, including the question regarding the fact that we have a bug in our program and we're not sure how to fix it. We also prompted GPT with the assignment specifications from the Project 5 readme and the code with the bugs (missing drop on lock and broadcast).",https://chatgpt.com/share/67217e1b-e550-800d-9cb0-abd96869f34d,"Link:https://docs.google.com/document/d/1KRmUDnKC3VXUd4fBvOf6C53pfrOgxlXC4K7V_tqn9Yk/edit?usp=sharing

Text: Surprisingly, GPT is able to resolve the bug regarding broadcasting new block hashes, but fails to drop the lock on the blockchain after it prepares its message. This is very interesting as it seems it's able to adhere to the assignment specifications where it indicates to broadcast if the new hashes are empty, but it's unable to determine whether to include drop after a lock has been acquired and the work has been done.

Incorrect GPT code:
use super::message::Message;
use super::peer;
use super::server::Handle as ServerHandle;
use crate::{types::{hash::H256, block::Block}, blockchain::Blockchain};
use log::{debug, warn, error};
use std::sync::{Arc, Mutex};
use std::thread;

#[derive(Clone)]
pub struct Worker {
    msg_chan: smol::channel::Receiver<(Vec<u8>, peer::Handle)>,
    num_worker: usize,
    server: ServerHandle,
    blockchain: Arc<Mutex<Blockchain>>,
    buffer: Arc<Mutex<Vec<Block>>>, // Buffer for blocks with missing parents
}

impl Worker {
    pub fn new(
        num_worker: usize,
        msg_src: smol::channel::Receiver<(Vec<u8>, peer::Handle)>,
        server: &ServerHandle,
        blockchain: Arc<Mutex<Blockchain>>,
    ) -> Self {
        Self {
            msg_chan: msg_src,
            num_worker,
            server: server.clone(),
            blockchain,
            buffer: Arc::new(Mutex::new(Vec::new())), // Initialize the buffer
        }
    }

    pub fn start(self) {
        let num_worker = self.num_worker;
        for i in 0..num_worker {
            let cloned = self.clone();
            thread::spawn(move || {
                cloned.worker_loop();
                warn!(""Worker thread {} exited"", i);
            });
        }
    }

    fn worker_loop(&self) {
        loop {
            let result = smol::block_on(self.msg_chan.recv());
            if let Err(e) = result {
                error!(""network worker terminated {}"", e);
                break;
            }
            let msg = result.unwrap();
            let (msg, mut peer) = msg;
            let msg: Message = bincode::deserialize(&msg).unwrap();

            match msg {
                Message::Ping(nonce) => {
                    debug!(""Ping: {}"", nonce);
                    peer.write(Message::Pong(nonce.to_string()));
                }
                Message::Pong(nonce) => {
                    debug!(""Pong: {}"", nonce);
                }
                Message::NewBlockHashes(hashes) => {
                    let blockchain = self.blockchain.lock().unwrap();
                    let missing_hashes: Vec<H256> = hashes.into_iter()
                        .filter(|h| !blockchain.contains_block(h))
                        .collect();
                    if !missing_hashes.is_empty() {
                        peer.write(Message::GetBlocks(missing_hashes));
                    }
                }
                Message::GetBlocks(hashes) => {
                    let blockchain = self.blockchain.lock().unwrap();
                    let blocks: Vec<Block> = hashes.into_iter()
                        .filter_map(|h| blockchain.get_block(&h).cloned())
                        .collect();
                    if !blocks.is_empty() {
                        peer.write(Message::Blocks(blocks));
                    }
                }
                Message::Blocks(blocks) => {
                    let mut blockchain = self.blockchain.lock().unwrap();
                    let mut new_hashes = Vec::new();
                    let mut buffer = self.buffer.lock().unwrap();

                    for block in blocks {
                        // Check if parent exists in the blockchain
                        if blockchain.contains_block(&block.parent_hash) {
                            if blockchain.insert(&block) {
                                new_hashes.push(block.hash());
                            }
                        } else {
                            buffer.push(block); // Store in buffer if parent is missing
                        }
                    }

                    drop(blockchain);
                    drop(buffer);

                    // Broadcast new block hashes to peers if there are new blocks
                    if !new_hashes.is_empty() {
                        self.server.broadcast(Message::NewBlockHashes(new_hashes));
                    }
                }
                _ => unimplemented!(),
            }

            // Process buffered blocks if any parent has been received
            let mut buffer = self.buffer.lock().unwrap();
            let mut blockchain = self.blockchain.lock().unwrap();
            buffer.retain(|block| {
                if blockchain.contains_block(&block.parent_hash) {
                    blockchain.insert(block);
                    false // Remove from buffer as it's now inserted
                } else {
                    true // Keep in buffer if parent is still missing
                }
            });
        }
    }
}

Correct code: includes dropping the blockchain after lock.
use super::message::Message;
use super::peer;
use super::server::Handle as ServerHandle;
use crate::{types::{hash::H256, block::Block}, blockchain::Blockchain};
use log::{debug, warn, error};
use std::sync::{Arc, Mutex};
use std::thread;


#[derive(Clone)]
pub struct Worker {
   msg_chan: smol::channel::Receiver<(Vec<u8>, peer::Handle)>,
   num_worker: usize,
   server: ServerHandle,
   blockchain: Arc<Mutex<Blockchain>>,
   buffer: Arc<Mutex<Vec<Block>>>, // Buffer for blocks with missing parents
}


impl Worker {
   pub fn new(
       num_worker: usize,
       msg_src: smol::channel::Receiver<(Vec<u8>, peer::Handle)>,
       server: &ServerHandle,
       blockchain: Arc<Mutex<Blockchain>>,
   ) -> Self {
       Self {
           msg_chan: msg_src,
           num_worker,
           server: server.clone(),
           blockchain,
           buffer: Arc::new(Mutex::new(Vec::new())), // Initialize the buffer
       }
   }


   pub fn start(self) {
       let num_worker = self.num_worker;
       for i in 0..num_worker {
           let cloned = self.clone();
           thread::spawn(move || {
               cloned.worker_loop();
               warn!(""Worker thread {} exited"", i);
           });
       }
   }


   fn worker_loop(&self) {
       loop {
           let result = smol::block_on(self.msg_chan.recv());
           if let Err(e) = result {
               error!(""network worker terminated {}"", e);
               break;
           }
           let msg = result.unwrap();
           let (msg, mut peer) = msg;
           let msg: Message = bincode::deserialize(&msg).unwrap();


           match msg {
               Message::Ping(nonce) => {
                   debug!(""Ping: {}"", nonce);
                   peer.write(Message::Pong(nonce.to_string()));
               }
               Message::Pong(nonce) => {
                   debug!(""Pong: {}"", nonce);
               }
               Message::NewBlockHashes(hashes) => {
                   let blockchain = self.blockchain.lock().unwrap();
                   let missing_hashes: Vec<H256> = hashes.into_iter()
                       .filter(|h| !blockchain.contains_block(h))
                       .collect();
                   if !missing_hashes.is_empty() {
                       peer.write(Message::GetBlocks(missing_hashes));
                   }
               }
               Message::GetBlocks(hashes) => {
                   let blockchain = self.blockchain.lock().unwrap();
                   let blocks: Vec<Block> = hashes.into_iter()
                       .filter_map(|h| blockchain.get_block(&h).cloned())
                       .collect();
                   if !blocks.is_empty() {
                       peer.write(Message::Blocks(blocks));
                   }
               }
               Message::Blocks(blocks) => {
                   let mut blockchain = self.blockchain.lock().unwrap();
                   let mut new_hashes = Vec::new();
                   let mut buffer = self.buffer.lock().unwrap();


                   for block in blocks {
                       // Check if parent exists in the blockchain
                       if blockchain.contains_block(&block.parent_hash) {
                           if blockchain.insert(&block) {
                               new_hashes.push(block.hash());
                           }
                       } else {
                           buffer.push(block); // Store in buffer if parent is missing
                       }
                   }


                   drop(blockchain);
                   drop(buffer);


                   // Broadcast new block hashes to peers if there are new blocks
                   if !new_hashes.is_empty() {
                       self.server.broadcast(Message::NewBlockHashes(new_hashes));
                   }
               }
               _ => unimplemented!(),
           }


           // Process buffered blocks if any parent has been received
           let mut buffer = self.buffer.lock().unwrap();
           let mut blockchain = self.blockchain.lock().unwrap();
           buffer.retain(|block| {
               if blockchain.contains_block(&block.parent_hash) {
                   blockchain.insert(block);
                   false // Remove from buffer as it's now inserted
               } else {
                   true // Keep in buffer if parent is still missing
               }
           });
       }
   }
}


","We created this test to determine how well GPT does in terms of resolving bugs within the code. Essentially we kept our solution, but removed a few lines in our code including the main check that was specified in the assignment specifications to see how well GPT does in terms of resolving these bugs. We were very surprised that GPT was able to resolve the main bug, but also interesting to see that it wasn't able to pick up the syntactic or smaller bugs like releasing a lock after it's been acquired. This would be a useful data entry as we can ensure the model that we are refining will be able to resolve these bugs without prompting and will be part of the output that it generates. As it is evident that this is an area of GPT that lacks completeness. "
"We created this test to determine how well GPT does in terms of resolving bugs within the code. Essentially we kept our solution, but removed a few lines in our code including the main check that was specified in the assignment specifications to see how well GPT does in terms of resolving these bugs. We were very surprised that GPT was able to resolve the main bug, but also interesting to see that it wasn't able to pick up the syntactic or smaller bugs like releasing a lock after it's been acquired. This would be a useful data entry as we can ensure the model that we are refining will be able to resolve these bugs without prompting and will be part of the output that it generates. As it is evident that this is an area of GPT that lacks completeness. ",https://chatgpt.com/share/6721ba05-6db8-800d-8089-48bf36f3aeaf,"Link: https://docs.google.com/document/d/1fiVAJfififeNG3Z3h4nQzRJP-hP9g1qg0tlRCEcR840/edit?usp=sharing

Solution: 
To address the compilation error in your code, here’s a checklist of steps aligned with the requirements of the miner module, specifically in src/miner/mod.rs, to ensure all necessary components are in place.

Step-by-Step Instructions to Fix Compilation
Struct Additions:
Confirm that you’ve added Arc<Mutex<Blockchain>> to both Context and Worker structs within src/miner/mod.rs. This ensures thread-safe handling of the blockchain.

Define new() Function:
Check that the new() function for the miner accepts Arc<Mutex<Blockchain>> as an argument. Make sure you use Arc::clone(blockchain) when initializing both Context and Worker to avoid ownership issues with Arc.

Use Arc<Mutex<Blockchain>> Correctly: Verify each place where you access the blockchain within a method or function that involves the miner or worker. To safely access the blockchain in each thread, wrap accesses with lock().unwrap(), as shown:

rust
let blockchain = self.blockchain.lock().unwrap();
Control Signals in Mining Loop: The mining loop should handle ControlSignal enums for start, stop, and exit commands effectively. Make sure OperatingState matches the required states (Paused, Run, ShutDown) and that the loop reacts accordingly, especially to pause and resume based on these signals.

Random Block Generation (Mining Logic): In the mining loop, ensure you’re creating blocks by setting fields correctly, such as:

parent: Retrieved from blockchain.tip().
timestamp: Generated with std::time (consider using milliseconds).
difficulty: Retrieved from the parent block's difficulty.
nonce: Either randomly generated or incremented.
Merkle root: Placeholder if memory pool not yet implemented.
Proof-of-Work Check: In the mining loop, verify that you’re correctly checking the PoW condition:

rust
if block.hash() <= block.header.difficulty {
    self.finished_block_chan.send(block.clone()).expect(""Send finished block error"");
    parent = block.hash(); // Update parent to the new tip
}
Testing Code in fn test_new(): In test_new(), initialize the blockchain correctly as Arc::new(Mutex::new(Blockchain::new())) and pass this instance to new().

Compilation on macOS (Apple Silicon): If using Apple Silicon, adjust the ring crate version in Cargo.toml to ""0.16.19"" as mentioned in the Ed Discussion​(ed_discussion_fa2023).

Testing and Troubleshooting:

Run cargo build to verify that the changes compile successfully.
Test with cargo test miner_three_block or the relevant tests provided to check mining performance.
Following these steps should resolve typical compilation issues in this part of the assignment. If further issues arise, please share any specific error messages to identify other potential fixes.

You said:
this is the error stacktrace: error[E0433]: failed to resolve: use of undeclared crate or module thread
   --> src/miner/mod.rs:154:21
    |
154 |                     thread::sleep(interval);
    |                     ^^^^^^ use of undeclared crate or module thread
    |
help: consider importing one of these modules

ChatGPT said:
The error you're seeing indicates that the thread module is not available in the current scope. This commonly occurs when Rust's std::thread module isn't imported. To resolve this, add an import statement for std::thread at the top of your file.

Here’s how to fix it:

Add the Import:
At the top of src/miner/mod.rs, add:

rust
use std::thread;
Verify Other Imports: Double-check that all other required modules (Arc, Mutex, etc.) from std and any other crates are correctly imported, as Rust is strict about explicit imports.

After adding the thread import, re-run cargo build to see if the issue is resolved. Let me know if there are any additional errors after this adjustment!

Correct code:
use std::thread
drop(blockchain) -> following after every lock

GPT generated code:
use std::thread

Fortunately, it was simple enough to prompt GPT with the error stack trace to resolve the error. GPT was able to provide the correct statement to add to the code in order to make the code compile and pass the tests properly. However, it wasn't one-shot in terms of prompting because we needed to provide the stacktrace to get the result we wanted. We think that if we provided the stack trace on the prompt it would have been able to get in one-shot.
https://chatgpt.com/share/6721ba05-6db8-800d-8089-48bf36f3aeaf","We created this test in order to determine how well GPT does well in terms of resolving the compilation error bug and if it was able to correct a bug on compilation. It seems that GPT is not able to correct the compilation bug unless the stack trace is present. This is a valuable data entry as it shows that GPT needs stack traces in order to resolve and fix error lines on this assignment. Therefore in our refinement, we are looking into integrating stack traces to resolve issues that contain error lines involving compilation."
" This log aims to test GPT's ability to detect errors and resolve them within the code. Specifically, this log is focused on removing various imports within the code for A5 and seeing if GPT is able to resolve these compilation errors. Again, similar to log #8, we didn't think it would be very fair to give GPT imports from other code components since it's outside of its context and would most likely just hallucinate the imports.",https://chatgpt.com/share/67228b09-4990-800d-9d47-593d48701995,"Link: https://docs.google.com/document/d/1Drzg2zEgYSQ3pn6x0iMlLt8MaSQJPBkmOx6QuP1HYh4/edit?usp=sharing

Text:
It seems you're encountering a bug during compilation, which might be due to handling multi-threading with the Arc<Mutex<...>> in worker.rs. Let’s address some potential issues step-by-step based on the information provided and common compilation issues in Rust’s multi-threaded context.

Ensure Imports and Mutex Usage: Since the server is multi-threaded, you've correctly wrapped Blockchain in Arc<Mutex<...>> to maintain thread safety. Make sure that all fields using Arc<Mutex<...>> are consistently cloned with Arc::clone in the code. Double-check that every time you access blockchain or orphan_buffer, they’re appropriately locked and unlocked without double locks, which can sometimes trigger errors.

Error Logging: Since warn!, debug!, and error! macros are present, consider running the program in debug mode (cargo build --release for potential optimizations if the error is related to non-optimized code paths). This can help by providing more detailed output about what's going wrong at runtime.

Test Compilation with cargo test: Running cargo test reply_new_block_hashes, reply_get_blocks, and reply_blocks will trigger specific unit tests designed to ensure the gossip protocol is correctly implemented and interacting with other parts of the code. If you encounter any compilation errors specific to one of these tests, it can help narrow down the problem.

Known Compatibility Issues: According to the course's Ed discussions, a known issue related to Apple Silicon is resolved by adjusting the ring crate version to 0.16.19. If you are using a Mac, this may resolve specific compilation errors on that platform​(ed_discussion_fa2023).

Message Deserialization Handling: In worker_loop, ensure the Message deserialization is correct:

rust
Copy code
let msg: Message = bincode::deserialize(&msg).unwrap();
Consider adding error handling here, as deserialization failures might cause panics in certain scenarios. For a safer approach, try:

rust
Copy code
match bincode::deserialize::<Message>(&msg) {
    Ok(msg) => self.handle_message(msg, &mut peer),
    Err(e) => error!(""Failed to deserialize message: {:?}"", e),
}
If none of these approaches work, please share any specific error messages you’re receiving during compilation, and we can troubleshoot further.

You said:
here's the error stacktrace:
error[E0412]: cannot find type HashMap in this scope
  --> src/network/worker.rs:20:30
   |
20 |     orphan_buffer: Arc<Mutex<HashMap<H256, Vec<Block>>>>,
   |                              ^^^^^^^ not found in this scope
   |
help: consider importing one of these structs
   |
1  + use crate::HashMap;
   |
1  + use std::collections::HashMap;
   |

error[E0412]: cannot find type HashMap in this scope
  --> src/network/worker.rs:30:35
   |
30 |         orphan_buffer: &Arc<Mutex<HashMap<H256, Vec<Block>>>>,
   |                                   ^^^^^^^ not found in this scope
   |
help: consider importing one of these structs
   |
1  + use crate::HashMap;
   |
1  + use std::collections::HashMap;
   |

error[E0433]: failed to resolve: use of undeclared crate or module thread
  --> src/network/worker.rs:45:13
   |
45 |             thread::spawn(move || {
   |             ^^^^^^ use of undeclared crate or module thread
   |
help: consider importing one of these modules
   |
1  + use crate::thread;
   |
1  + use std::thread;
   |

error[E0412]: cannot find type HashMap in this scope
   --> src/network/worker.rs:169:29
    |
169 |         orphan_buffer: &mut HashMap<H256, Vec<Block>>,
    |                             ^^^^^^^ not found in this scope
    |
help: consider importing one of these structs
    |
1   + use crate::HashMap;
    |
1   + use std::collections::HashMap;
    |

error[E0412]: cannot find type HashMap in this scope
   --> src/network/worker.rs:216:34
    |
216 |     let orphan_buffer: Arc<Mutex<HashMap<H256, Vec<Block>>>> = Arc::new(Mutex::new(HashMap::new()));
    |                                  ^^^^^^^ not found in this scope
    |
help: consider importing one of these structs
    |
1   + use crate::HashMap;
    |
1   + use std::collections::HashMap;
    |

error[E0433]: failed to resolve: use of undeclared type HashMap
   --> src/network/worker.rs:216:84
    |
216 |     let orphan_buffer: Arc<Mutex<HashMap<H256, Vec<Block>>>> = Arc::new(Mutex::new(HashMap::new()));
    |                                                                                    ^^^^^^^ use of undeclared type HashMap
    |
help: consider importing one of these structs
    |
1   + use crate::HashMap;
    |
1   + use std::collections::HashMap;
ChatGPT said:
ChatGPT
The error messages indicate that the HashMap and thread modules are not imported in your worker.rs file. Let’s resolve each issue step-by-step.

Solution Steps
Import HashMap from std::collections: Rust's HashMap type is part of the std::collections module, so it needs to be explicitly imported. Add this line at the top of worker.rs:

rust
Copy code
use std::collections::HashMap;
Import thread from std: Similarly, thread::spawn requires importing thread from the standard library. Add this line at the top of worker.rs:

rust
Copy code
use std::thread;
Complete Code Example
Your worker.rs imports section should now include both HashMap and thread:

rust
Copy code
use std::collections::HashMap;
use std::thread;
With these imports, the HashMap and thread::spawn usages in your code should compile without errors.

You said:
now i have this error: error[E0412]: cannot find type Mutex in this scope
  --> src/network/worker.rs:30:29
   |
30 |         orphan_buffer: &Arc<Mutex<HashMap<H256, Vec<Block>>>>,
   |                             ^^^^^ not found in this scope
   |
help: consider importing one of these structs
   |
1  + use crate::Mutex;
   |
1  + use std::sync::Mutex;
   |
1  + use async_dup::Mutex;
   |
1  + use futures::lock::Mutex;
ChatGPT said:
ChatGPT
The error indicates that Mutex is also missing from your imports. You can use the Mutex type from std::sync to ensure thread safety.

To fix this, add the following line at the top of your worker.rs file:

rust
Copy code
use std::sync::Mutex;
Summary of Imports Needed
At the top of worker.rs, your imports should now look like this:

rust
Copy code
use std::collections::HashMap;
use std::sync::{Arc, Mutex};
use std::thread;
This should resolve the Mutex not found error. Let me know if there are any additional issues!

You said:
error[E0412]: cannot find type Arc in this scope
   --> src/network/worker.rs:218:24
    |
218 |     let orphan_buffer: Arc<Mutex<HashMap<H256, Vec<Block>>>> = Arc::new(Mutex::new(HashMap::new()));
    |                        ^^^ not found in this scope
    |
help: consider importing one of these structs
    |
1   + use crate::Arc;
    |
1   + use std::sync::Arc;
    |
1   + use async_dup::Arc;
ChatGPT said:
ChatGPT
The Arc type is also part of the std::sync module, which allows for thread-safe reference-counted pointers. You can import it along with Mutex by adding Arc to your std::sync import.

Ensure your imports at the top of worker.rs include:

rust
Copy code
use std::collections::HashMap;
use std::sync::{Arc, Mutex};
use std::thread;
This should resolve the Arc not found error. Let me know if further issues come up!

Our imports: 
use std::sync::{Arc, Mutex};
use std::thread;
use std::collections::HashMap;
GPT's imports
use std::collections::HashMap;
use std::thread;
use std::sync::Mutex;
use std::sync::Arc;

Initially, GPT referenced Ed to resolve the imports and talked more about the crates being the issue. Where students in the previous Ed mentioned issues with running rust on apple silicon. It was also able to cite which file it got the information from which is also very interesting, we only thought that RAG's had this capability, but it's very interesting to see GPT 4o have this as well.  Nevertheless, it took quite a bit of prompting to arrive at the goal result where GPT had to be given the error stack trace each time despite these types being all from STD. After each error stack trace, it was able to correctly provide the correct use statement to put into the code to resolve the compilation errors. 
","We created this test to evaluate GPT's ability to provide the required imports needed for the code. It was also interesting to see the types being from the same import (STD), but it took quite a bit of prompting and providing error traces in order for GPT to correct all the imports. Again, we think this is a valuable entry because in refinement steps, we know to provide all the stack trace errors relating to the compilation to ensure that GPT is able to provide the necessary imports related to the code in order to be able to compile correctly. GPT also did not edit any of the code or change parts of the code other than providing imports based on the compilation error stacktraces."
"This log aims to test GPT's effectiveness in interpreting errors provided and being able to resolve them within the code. This log is focused on analyzing the compilation errors that are currently occurring within the code, which are due to scope and logic errors. Specifically, we wanted to test and see that if we forgot to initialize and create a block prior to using the block, GPT would be able to recognize that and resolve the code.",https://chatgpt.com/share/672277b2-de50-800d-9b8d-54db1b6dde6c ,"Link: https://docs.google.com/document/d/1eXhLUazX6F9KeydiHtvmfC3WguqMHaeDR5D5997hqXc/edit?usp=sharing

Text:
The errors you’re seeing suggest that the variable block is not defined or initialized within the current scope in your miner_loop function. Let’s address the issue by examining each part of the error and proposing a corrected version.

Problem Analysis:

The errors indicate that block is referenced multiple times (in the if condition and subsequent lines), yet it has not been defined in the current scope.
This variable seems intended to represent a block that is being mined or checked for its hash value relative to its difficulty.
Solution Steps:

Define a block object that can be initialized and modified during the mining process.
Use the generate_random_block function to generate a block (if it exists) or create a similar function that initiates a new block instance.
Adjust the mining loop to account for this block variable and handle its creation, validation, and assignment to parent when completed.
Implementation: Adding a block instantiation in the mining loop may look like the following. Replace the relevant portion in your miner_loop function with this adjusted code:

rust
Copy code
fn miner_loop(&mut self) {
    // Initialize parent with the hash of the latest block in the blockchain
    let mut parent = {
        let blockchain = self.blockchain.lock().unwrap();
        blockchain.tip()
    };

    // main mining loop
    loop {
        // Control signal handling here (as is)
        
        // Mining logic
        let mut block = generate_random_block(parent); // Initialize the block to mine

        // Set block difficulty based on conditions in your project
        block.header.difficulty = // define difficulty based on your blockchain's criteria;

        // Mining condition: Check if the block hash meets difficulty requirements
        if block.hash() <= block.header.difficulty {
            self.finished_block_chan.send(block.clone()).expect(""Send finished block error"");
            parent = block.hash();
        }

        // If operating state specifies a sleep interval, apply it here
        if let OperatingState::Run(i) = self.operating_state {
            if i != 0 {
                let interval = time::Duration::from_micros(i as u64);
                thread::sleep(interval);
            }
        }
    }
}
Explanation:
This code now defines block using generate_random_block(parent) to generate a new block based on the parent hash.
We also ensure the block difficulty is set appropriately and is checked against the block.hash().
If the condition is met, the block is cloned and sent through self.finished_block_chan, after which parent is updated to the new block.hash().
This should resolve the block scope errors while meeting the functionality requirements of your mining loop. Let me know if there are additional requirements or if you encounter further issues.
 It seemed that GPT had the right thought process in needing to define a block since it’s being referenced many times but no block object has been initialized yet. However, GPT was not able to accurately write the correct adjusted code without prompting another compilation error. Specifically, GPT had a minor type mismatch error, which can be resolved fairly easily. Nevertheless, GPT wasn't able to one-shot in terms of getting the correctly adjusted code based off of the initial compile errors. 

Incorrect lines of code:
let mut block = generate_random_block(parent);

Corrected lines of code
let mut block = generate_random_block(&parent);
","We created this test to see how GPT’s performance when it comes to resolving bugs within the code. We wanted to see how well GPT understood errors that involved minor logic/initialization problems and fixed such errors. Again, GPT seemed to do very well in explaining the reason for the error and the resolution method but did not do a perfect job at ensuring no smaller compilation errors would occur within the code. Thus, we thought this would be a useful data entry to highlight how the GPT model still needs some improvements when it comes to cleaning up and making sure smaller compilations won’t arise when they output the fixed code, showing evidence of completeness. "